{"cameraMode":{"drawMode":0,"name":"Shaded","section":"Shading Mode"},"sceneLighting":true,"audioPlay":false,"sceneViewState":{"showFog":true,"showMaterialUpdate":true,"showSkybox":true,"showFlares":true,"showImageEffects":true,"showParticleSystems":true},"in2DMode":false,"pivot":{"x":2.423194408416748,"y":9.2681245803833,"z":-8.462556838989258},"rotation":{"x":-0.01926260069012642,"y":0.5962209105491638,"z":0.01431194506585598,"w":0.8024610280990601},"size":1.8842573165893555,"orthographic":false}