{"cameraMode":{"drawMode":0,"name":"Shaded","section":"Shading Mode"},"sceneLighting":true,"audioPlay":false,"sceneViewState":{"showFog":true,"showMaterialUpdate":true,"showSkybox":true,"showFlares":true,"showImageEffects":true,"showParticleSystems":true},"in2DMode":false,"pivot":{"x":5.403315544128418,"y":0.06973099708557129,"z":-16.639802932739259},"rotation":{"x":0.000396808231016621,"y":-0.9890822172164917,"z":-0.002660807454958558,"w":-0.14735491573810578},"size":10.0,"orthographic":false}